{
  "location": {
    "precision": 0.9069767441860465,
    "recall": 0.8478260869565217,
    "f1-score": 0.8764044943820224,
    "support": 46,
    "confused_with": {
      "cuisine": 1
    }
  },
  "cuisine": {
    "precision": 0.9574468085106383,
    "recall": 0.8653846153846154,
    "f1-score": 0.9090909090909091,
    "support": 52,
    "confused_with": {}
  },
  "micro avg": {
    "precision": 0.9333333333333333,
    "recall": 0.8571428571428571,
    "f1-score": 0.8936170212765957,
    "support": 98
  },
  "macro avg": {
    "precision": 0.9322117763483424,
    "recall": 0.8566053511705686,
    "f1-score": 0.8927477017364658,
    "support": 98
  },
  "weighted avg": {
    "precision": 0.9337567783174626,
    "recall": 0.8571428571428571,
    "f1-score": 0.8937483062683703,
    "support": 98
  }
}